round,corpus,scanner,cycles_per_byte,bytes_per_token,iterations,cycles
1,grid-random-id64-ws32,Flex,9.589615795612335,95.99707040190424,100,4022176389
1,grid-random-id64-ws32,Monkey,1.2500759172439575,95.99707040190424,100,524319842
1,grid-random-id64-ws8,Flex,9.325923848152161,71.9978028014282,100,3911575970
1,grid-random-id64-ws8,Monkey,1.6857359957695008,71.9978028014282,100,707048923
1,grid-random-id16-ws32,Monkey,2.2051786088943484,47.999084490118214,100,924918946
1,grid-random-id16-ws32,Flex,10.369141087532043,47.999084490118214,100,4349132994
1,grid-random-id64-ws1,Flex,9.26572827577591,64.99874475042229,100,3886328117
1,grid-random-id64-ws1,Monkey,1.5790497589111328,64.99874475042229,100,662301472
1,grid-random-id4-ws32,Flex,11.501927616596221,35.9989014007141,100,4824258101
1,grid-random-id4-ws32,Monkey,2.4595970273017884,35.9989014007141,100,1031629765
1,grid-random-id16-ws8,Flex,7.877511560916901,23.999816895928223,100,3304067825
1,grid-random-id16-ws8,Monkey,3.1170901250839234,23.999816895928223,100,1307402358
1,grid-random-id16-ws1,Flex,6.071395480632782,16.999914884993412,100,2546527835
1,grid-random-id16-ws1,Monkey,3.9207560205459595,16.999914884993412,100,1644484266
1,grid-random-id4-ws8,Flex,12.793629920482635,11.999908447964112,100,5366037315
1,grid-random-id4-ws8,Monkey,5.456366336345672,11.999908447964112,100,2288565915
1,grid-random-id4-ws1,Flex,8.663971409797668,4.999992847452858,100,3633932994
1,grid-random-id4-ws1,Monkey,12.059438166618348,4.999992847452858,100,5058094974
2,grid-random-id64-ws1,Monkey,1.490407726764679,64.99874475042229,100,625122309
2,grid-random-id64-ws1,Flex,8.952426588535308,64.99874475042229,100,3754919865
2,grid-random-id64-ws8,Flex,9.254374711513519,71.9978028014282,100,3881566087
2,grid-random-id64-ws8,Monkey,1.5783081340789795,71.9978028014282,100,661990412
2,grid-random-id16-ws1,Flex,6.1224750447273255,16.999914884993412,100,2567952157
2,grid-random-id16-ws1,Monkey,4.123350052833557,16.999914884993412,100,1729458362
2,grid-random-id16-ws32,Flex,9.314295284748077,47.999084490118214,100,3906698597
2,grid-random-id16-ws32,Monkey,1.857093439102173,47.999084490118214,100,778921444
2,grid-random-id64-ws32,Flex,9.521948235034943,95.99707040190424,100,3993794557
2,grid-random-id64-ws32,Monkey,1.3208416891098023,95.99707040190424,100,554001158
2,grid-random-id4-ws32,Flex,11.41170395374298,35.9989014007141,100,4786415554
2,grid-random-id4-ws32,Monkey,2.334671792984009,35.9989014007141,100,979232324
2,grid-random-id16-ws8,Flex,7.6010115790367125,23.999816895928223,100,3188095327
2,grid-random-id16-ws8,Monkey,3.026573700904846,23.999816895928223,100,1269437018
2,grid-random-id4-ws1,Flex,8.801616570949555,4.999992847452858,100,3691665559
2,grid-random-id4-ws1,Monkey,12.064288535118102,4.999992847452858,100,5060129366
2,grid-random-id4-ws8,Flex,12.77026355266571,11.999908447964112,100,5356236750
2,grid-random-id4-ws8,Monkey,5.482960565090179,11.999908447964112,100,2299720343
3,grid-random-id4-ws32,Flex,11.36918847322464,35.9989014007141,100,4768583269
3,grid-random-id4-ws32,Monkey,2.280148627758026,35.9989014007141,100,956363651
3,grid-random-id64-ws1,Monkey,1.955037248134613,64.99874475042229,100,820002055
3,grid-random-id64-ws1,Flex,9.239425246715546,64.99874475042229,100,3875295827
3,grid-random-id16-ws32,Flex,9.718377664089203,47.999084490118214,100,4076183031
3,grid-random-id16-ws32,Monkey,1.9819801449775696,47.999084490118214,100,831302725
3,grid-random-id4-ws8,Monkey,5.910362696647644,11.999908447964112,100,2478985790
3,grid-random-id4-ws8,Flex,13.512201113700867,11.999908447964112,100,5667427918
3,grid-random-id16-ws8,Monkey,3.470771141052246,23.999816895928223,100,1455746928
3,grid-random-id16-ws8,Flex,8.872185337543488,23.999816895928223,100,3721264245
3,grid-random-id64-ws32,Flex,9.712077298164367,95.99707040190424,100,4073540466
3,grid-random-id64-ws32,Monkey,1.5037030792236328,95.99707040190424,100,630698784
3,grid-random-id4-ws1,Flex,11.23838971376419,4.999992847452858,100,4713722293
3,grid-random-id4-ws1,Monkey,13.01868198633194,4.999992847452858,100,5460430993
3,grid-random-id16-ws1,Monkey,4.120422105789185,16.999914884993412,100,1728230292
3,grid-random-id16-ws1,Flex,5.841291663646698,16.999914884993412,100,2450015299
3,grid-random-id64-ws8,Flex,9.335766201019288,71.9978028014282,100,3915704152
3,grid-random-id64-ws8,Monkey,1.5490086030960084,71.9978028014282,100,649701298
