round,corpus,scanner,cycles_per_byte,branch_misses_per_byte,iterations,cycles,branch_misses
1,grid-random-id64-ws8,Monkey,2.232605805397034,0.0017092561721801759,100,936422746,716914
1,grid-random-id64-ws8,Flex,9.169188063144684,0.029903512001037597,100,3845836217,12542442
1,grid-random-id64-ws1,Flex,8.609054415225982,0.017177038192749024,100,3610899137,7204572
1,grid-random-id64-ws1,Monkey,1.440095498561859,0.001702725887298584,100,604019831,714175
1,grid-random-id64-ws32,Monkey,1.2802429699897766,0.001700892448425293,100,536972821,713406
1,grid-random-id64-ws32,Flex,9.458077528476714,0.02991736888885498,100,3967005241,12548254
1,grid-random-id16-ws8,Flex,7.493856778144837,0.04138479471206665,100,3143151346,17358041
1,grid-random-id16-ws8,Monkey,3.0410151147842406,0.0016909027099609375,100,1275494186,709216
1,grid-random-id4-ws8,Monkey,5.4484278059005735,0.0017139697074890136,100,2285236254,718891
1,grid-random-id4-ws8,Flex,12.727422001361846,0.08765868902206421,100,5338267701,36766719
1,grid-random-id16-ws32,Flex,8.903742821216584,0.03801496028900146,100,3734500413,15944630
1,grid-random-id16-ws32,Monkey,1.8803580284118653,0.0016980957984924316,100,788679320,712233
1,grid-random-id4-ws1,Monkey,12.01376368522644,0.001707615852355957,100,5038937708,716226
1,grid-random-id4-ws1,Flex,8.893187546730042,0.0028592491149902343,100,3730073210,1199256
1,grid-random-id16-ws1,Monkey,3.826472475528717,0.0017081308364868164,100,1604938881,716442
1,grid-random-id16-ws1,Flex,5.671645495891571,0.0017122292518615722,100,2378860539,718161
1,grid-random-id4-ws32,Flex,11.337356057167053,0.05075090408325195,100,4755231786,21286472
1,grid-random-id4-ws32,Monkey,2.3020844221115113,0.001703040599822998,100,965564190,714307
2,grid-random-id64-ws1,Monkey,1.4416206693649292,0.0017061448097229004,100,604659534,715609
2,grid-random-id64-ws1,Flex,8.755068900585174,0.01713378667831421,100,3672142051,7186431
2,grid-random-id64-ws32,Monkey,1.2541233253479005,0.0017106986045837401,100,526017448,717519
2,grid-random-id64-ws32,Flex,9.486137173175813,0.029908902645111084,100,3978774309,12544703
2,grid-random-id16-ws8,Monkey,3.0343794083595275,0.001698479652404785,100,1272710969,712394
2,grid-random-id16-ws8,Flex,7.501050124168396,0.04148674249649048,100,3146168454,17400801
2,grid-random-id4-ws8,Monkey,5.471243634223938,0.0017177915573120116,100,2294805906,720494
2,grid-random-id4-ws8,Flex,12.732632987499237,0.08775966644287109,100,5340453347,36809072
2,grid-random-id16-ws32,Flex,8.910850677490235,0.038033943176269534,100,3737481664,15952592
2,grid-random-id16-ws32,Monkey,1.8271544098854064,0.0017050480842590332,100,766364105,715149
2,grid-random-id16-ws1,Flex,5.696718258857727,0.0017212080955505372,100,2389376818,721927
2,grid-random-id16-ws1,Monkey,3.9185949087142946,0.0017030858993530274,100,1643577830,714326
2,grid-random-id64-ws8,Monkey,1.5606726121902466,0.0017154502868652343,100,654593538,719512
2,grid-random-id64-ws8,Flex,9.172659184932709,0.029867451190948486,100,3847292111,12527317
2,grid-random-id4-ws32,Flex,11.281063649654389,0.050854499340057376,100,4731621039,21329923
2,grid-random-id4-ws32,Monkey,2.3128526759147645,0.0016997313499450683,100,970080723,712919
2,grid-random-id4-ws1,Monkey,12.034854946136475,0.0017155814170837403,100,5047784024,719567
2,grid-random-id4-ws1,Flex,8.664336302280425,0.0026001667976379393,100,3634086041,1090589
3,grid-random-id16-ws8,Monkey,3.2812939047813416,0.0017173194885253906,100,1376274415,720296
3,grid-random-id16-ws8,Flex,7.506217970848083,0.04141153573989868,100,3148336006,17369257
3,grid-random-id4-ws1,Flex,8.558217470645905,0.0017110729217529297,100,3589576577,717676
3,grid-random-id4-ws1,Monkey,12.005730197429656,0.0017081189155578613,100,5035568219,716437
3,grid-random-id64-ws8,Flex,9.187585239410401,0.029888503551483155,100,3853552552,12536147
3,grid-random-id64-ws8,Monkey,1.521489360332489,0.0017015266418457032,100,638158891,713672
3,grid-random-id16-ws1,Flex,5.783536951541901,0.0029716253280639648,100,2425791217,1246390
3,grid-random-id16-ws1,Monkey,3.823577117919922,0.0016978335380554198,100,1603724480,712123
3,grid-random-id64-ws32,Monkey,1.2751108407974243,0.0017034006118774414,100,534820250,714458
3,grid-random-id64-ws32,Flex,9.472317688465118,0.029870271682739258,100,3972977997,12528500
3,grid-random-id4-ws32,Flex,11.322958245277405,0.051946468353271484,100,4749192906,21787928
3,grid-random-id4-ws32,Monkey,2.286528286933899,0.0017145371437072754,100,959039474,719129
3,grid-random-id64-ws1,Monkey,1.4467312049865724,0.0017103123664855956,100,606803048,717357
3,grid-random-id64-ws1,Flex,8.607209205627441,0.017283997535705566,100,3610125200,7249434
3,grid-random-id4-ws8,Flex,12.732731168270112,0.08763527631759643,100,5340494527,36756899
3,grid-random-id4-ws8,Monkey,5.415056827068329,0.001703622341156006,100,2271239451,714551
3,grid-random-id16-ws32,Flex,8.914003143310547,0.038041861057281495,100,3738803904,15955913
3,grid-random-id16-ws32,Monkey,1.8447129535675049,0.0017065048217773438,100,773728692,715760
